Timestamp,Open,High,Low,Close,Volume,Dividends,Stock Splits,Symbol,Label
2025-02-18 09:30:00-05:00,138.00999450683594,139.16000366210938,137.97999572753906,139.16000366210938,57820,0.0,0.0,BIIB,0
2025-02-18 09:35:00-05:00,138.98500061035156,139.07000732421875,138.2740020751953,138.83340454101562,9604,0.0,0.0,BIIB,0
2025-02-18 09:40:00-05:00,138.52000427246094,138.52999877929688,137.5,137.76220703125,21212,0.0,0.0,BIIB,0
2025-02-18 09:45:00-05:00,137.78500366210938,138.0449981689453,137.5579071044922,137.5579071044922,6629,0.0,0.0,BIIB,0
2025-02-18 09:50:00-05:00,137.72500610351562,137.9550018310547,137.25750732421875,137.26499938964844,12108,0.0,0.0,BIIB,0
2025-02-18 09:55:00-05:00,137.25,137.25,136.52999877929688,136.6374969482422,26995,0.0,0.0,BIIB,1
2025-02-18 10:00:00-05:00,136.77999877929688,136.97999572753906,136.63499450683594,136.66000366210938,27302,0.0,0.0,BIIB,1
2025-02-18 10:05:00-05:00,136.67999267578125,137.0500030517578,136.67999267578125,136.9499969482422,12795,0.0,0.0,BIIB,1
2025-02-18 10:10:00-05:00,136.8800048828125,137.57899475097656,136.8800048828125,137.1750030517578,13974,0.0,0.0,BIIB,1
2025-02-18 10:15:00-05:00,137.1750030517578,137.61500549316406,137.1750030517578,137.55999755859375,11398,0.0,0.0,BIIB,0
2025-02-18 10:20:00-05:00,137.35499572753906,137.47000122070312,137.0500030517578,137.1649932861328,10890,0.0,0.0,BIIB,0
2025-02-18 10:25:00-05:00,137.1199951171875,137.19000244140625,137.0500030517578,137.13999938964844,4500,0.0,0.0,BIIB,0
2025-02-18 10:30:00-05:00,137.11000061035156,137.2100067138672,137.00999450683594,137.00999450683594,10589,0.0,0.0,BIIB,1
2025-02-18 10:35:00-05:00,137.1199951171875,137.44000244140625,137.0800018310547,137.44000244140625,8140,0.0,0.0,BIIB,0
2025-02-18 10:40:00-05:00,137.3800048828125,137.55999755859375,137.3300018310547,137.3300018310547,8233,0.0,0.0,BIIB,1
2025-02-18 10:45:00-05:00,137.45249938964844,137.55499267578125,137.45249938964844,137.53500366210938,3221,0.0,0.0,BIIB,0
2025-02-18 10:50:00-05:00,137.52000427246094,137.72000122070312,137.1999969482422,137.30239868164062,10406,0.0,0.0,BIIB,0
2025-02-18 10:55:00-05:00,137.2100067138672,137.27000427246094,137.10000610351562,137.11500549316406,12783,0.0,0.0,BIIB,1
2025-02-18 11:00:00-05:00,137.125,137.24000549316406,137.1199951171875,137.1300048828125,6022,0.0,0.0,BIIB,0
2025-02-18 11:05:00-05:00,137.1300048828125,137.1999969482422,137.02000427246094,137.05999755859375,11025,0.0,0.0,BIIB,1
2025-02-18 11:10:00-05:00,137.11000061035156,137.39779663085938,137.10499572753906,137.17999267578125,10264,0.0,0.0,BIIB,0
2025-02-18 11:15:00-05:00,137.13999938964844,137.25999450683594,136.92999267578125,136.92999267578125,14478,0.0,0.0,BIIB,1
2025-02-18 11:20:00-05:00,136.94500732421875,137.05999755859375,136.88999938964844,136.98500061035156,4874,0.0,0.0,BIIB,0
2025-02-18 11:25:00-05:00,136.90499877929688,136.97000122070312,136.69000244140625,136.83999633789062,8918,0.0,0.0,BIIB,0
2025-02-18 11:30:00-05:00,136.72000122070312,136.9600067138672,136.72000122070312,136.7899932861328,8741,0.0,0.0,BIIB,0
2025-02-18 11:35:00-05:00,136.75999450683594,136.75999450683594,136.52999877929688,136.60499572753906,6827,0.0,0.0,BIIB,0
2025-02-18 11:40:00-05:00,136.67999267578125,136.7100067138672,136.5800018310547,136.5800018310547,10117,0.0,0.0,BIIB,1
2025-02-18 11:45:00-05:00,136.5749969482422,136.69000244140625,136.52999877929688,136.69000244140625,6556,0.0,0.0,BIIB,1
2025-02-18 11:50:00-05:00,136.77999877929688,136.7899932861328,136.6750030517578,136.74000549316406,5707,0.0,0.0,BIIB,0
2025-02-18 11:55:00-05:00,136.61000061035156,136.7100067138672,136.52000427246094,136.67999267578125,7057,0.0,0.0,BIIB,0
2025-02-18 12:00:00-05:00,136.6300048828125,136.67999267578125,136.49000549316406,136.5399932861328,7077,0.0,0.0,BIIB,0
2025-02-18 12:05:00-05:00,136.5399932861328,136.5399932861328,136.42010498046875,136.50999450683594,4440,0.0,0.0,BIIB,0
2025-02-18 12:10:00-05:00,136.5198974609375,136.52000427246094,136.41000366210938,136.4149932861328,7488,0.0,0.0,BIIB,0
2025-02-18 12:15:00-05:00,136.3800048828125,136.3800048828125,136.16000366210938,136.17999267578125,6436,0.0,0.0,BIIB,1
2025-02-18 12:20:00-05:00,136.16000366210938,136.30999755859375,136.16000366210938,136.23500061035156,9798,0.0,0.0,BIIB,0
2025-02-18 12:25:00-05:00,136.17999267578125,136.25999450683594,136.13999938964844,136.17999267578125,4736,0.0,0.0,BIIB,1
2025-02-18 12:30:00-05:00,136.08810424804688,136.30999755859375,136.08810424804688,136.21499633789062,6670,0.0,0.0,BIIB,0
2025-02-18 12:35:00-05:00,136.07009887695312,136.17999267578125,135.94000244140625,136.0500030517578,13969,0.0,0.0,BIIB,1
2025-02-18 12:40:00-05:00,136.0,136.49000549316406,135.9499969482422,136.49000549316406,13017,0.0,0.0,BIIB,0
2025-02-18 12:45:00-05:00,136.47000122070312,136.49000549316406,136.2899932861328,136.35000610351562,6907,0.0,0.0,BIIB,1
2025-02-18 12:50:00-05:00,136.33999633789062,136.60000610351562,136.3231964111328,136.60000610351562,8655,0.0,0.0,BIIB,0
2025-02-18 12:55:00-05:00,136.4091033935547,136.4091033935547,136.30999755859375,136.30999755859375,2507,0.0,0.0,BIIB,0
2025-02-18 13:00:00-05:00,136.33999633789062,136.3800048828125,136.16000366210938,136.24000549316406,8981,0.0,0.0,BIIB,0
2025-02-18 13:05:00-05:00,136.22000122070312,136.24000549316406,136.16000366210938,136.22999572753906,4020,0.0,0.0,BIIB,1
2025-02-18 13:10:00-05:00,136.3000030517578,136.44000244140625,136.22999572753906,136.30140686035156,12002,0.0,0.0,BIIB,1
2025-02-18 13:15:00-05:00,136.42999267578125,136.42999267578125,136.3000030517578,136.31500244140625,4028,0.0,0.0,BIIB,0
2025-02-18 13:20:00-05:00,136.3249969482422,136.3300018310547,136.02000427246094,136.279296875,23491,0.0,0.0,BIIB,0
2025-02-18 13:25:00-05:00,136.2050018310547,136.32069396972656,136.17999267578125,136.17999267578125,5180,0.0,0.0,BIIB,1
2025-02-18 13:30:00-05:00,136.14999389648438,136.35000610351562,136.1300048828125,136.3000030517578,7161,0.0,0.0,BIIB,1
2025-02-18 13:35:00-05:00,136.25999450683594,136.38999938964844,136.16000366210938,136.38999938964844,8419,0.0,0.0,BIIB,1
2025-02-18 13:40:00-05:00,136.4199981689453,136.58999633789062,136.4199981689453,136.47999572753906,5859,0.0,0.0,BIIB,1
2025-02-18 13:45:00-05:00,136.61000061035156,136.82000732421875,136.52920532226562,136.80999755859375,9711,0.0,0.0,BIIB,0
2025-02-18 13:50:00-05:00,136.60000610351562,136.66000366210938,136.5,136.5050048828125,7200,0.0,0.0,BIIB,1
2025-02-18 13:55:00-05:00,136.5050048828125,136.6199951171875,136.47000122070312,136.58999633789062,8421,0.0,0.0,BIIB,0
2025-02-18 14:00:00-05:00,136.60000610351562,136.66000366210938,136.4499969482422,136.4499969482422,7294,0.0,0.0,BIIB,0
2025-02-18 14:05:00-05:00,136.50999450683594,136.52999877929688,136.3300018310547,136.36500549316406,7855,0.0,0.0,BIIB,0
2025-02-18 14:10:00-05:00,136.36500549316406,136.44000244140625,136.07000732421875,136.14999389648438,21731,0.0,0.0,BIIB,1
2025-02-18 14:15:00-05:00,136.14999389648438,136.24000549316406,136.0500030517578,136.22000122070312,8855,0.0,0.0,BIIB,1
2025-02-18 14:20:00-05:00,136.22999572753906,136.44000244140625,136.19000244140625,136.44000244140625,16496,0.0,0.0,BIIB,1
2025-02-18 14:25:00-05:00,136.44000244140625,136.62869262695312,136.44000244140625,136.5500030517578,8646,0.0,0.0,BIIB,1
2025-02-18 14:30:00-05:00,136.5,136.6199951171875,136.47999572753906,136.61500549316406,5551,0.0,0.0,BIIB,0
2025-02-18 14:35:00-05:00,136.63499450683594,136.63499450683594,136.4499969482422,136.4499969482422,9680,0.0,0.0,BIIB,1
2025-02-18 14:40:00-05:00,136.40980529785156,136.5399932861328,136.3654022216797,136.50999450683594,10870,0.0,0.0,BIIB,1
2025-02-18 14:45:00-05:00,136.50999450683594,136.89500427246094,136.50999450683594,136.83999633789062,7441,0.0,0.0,BIIB,0
2025-02-18 14:50:00-05:00,136.90499877929688,136.97000122070312,136.80999755859375,136.80999755859375,7063,0.0,0.0,BIIB,0
2025-02-18 14:55:00-05:00,136.85499572753906,136.85499572753906,136.59500122070312,136.60000610351562,6446,0.0,0.0,BIIB,1
2025-02-18 15:00:00-05:00,136.55999755859375,136.74000549316406,136.47999572753906,136.6699981689453,11804,0.0,0.0,BIIB,1
2025-02-18 15:05:00-05:00,136.72999572753906,136.72999572753906,136.63499450683594,136.7100067138672,7958,0.0,0.0,BIIB,1
2025-02-18 15:10:00-05:00,136.72999572753906,136.9499969482422,136.6999969482422,136.9499969482422,9143,0.0,0.0,BIIB,0
2025-02-18 15:15:00-05:00,136.88999938964844,137.0496063232422,136.88999938964844,136.9499969482422,10566,0.0,0.0,BIIB,1
2025-02-18 15:20:00-05:00,136.91000366210938,137.14610290527344,136.88999938964844,137.10000610351562,10663,0.0,0.0,BIIB,1
2025-02-18 15:25:00-05:00,137.10000610351562,137.1300048828125,136.89999389648438,137.12899780273438,12504,0.0,0.0,BIIB,0
2025-02-18 15:30:00-05:00,137.1199951171875,137.19000244140625,136.99000549316406,137.07000732421875,20047,0.0,0.0,BIIB,0
2025-02-18 15:35:00-05:00,137.02000427246094,137.0800018310547,136.89999389648438,136.97500610351562,17432,0.0,0.0,BIIB,0
2025-02-18 15:40:00-05:00,136.9199981689453,136.9915008544922,136.8000030517578,136.87950134277344,19126,0.0,0.0,BIIB,1
2025-02-18 15:45:00-05:00,136.84500122070312,137.05999755859375,136.80999755859375,137.0399932861328,34605,0.0,0.0,BIIB,0
2025-02-18 15:50:00-05:00,136.99000549316406,137.11000061035156,136.8800048828125,136.8800048828125,35693,0.0,0.0,BIIB,0
2025-02-18 15:55:00-05:00,136.8300018310547,136.8800048828125,136.4499969482422,136.52999877929688,124917,0.0,0.0,BIIB,0
2025-02-19 09:30:00-05:00,135.9499969482422,136.52000427246094,135.9499969482422,136.18499755859375,24055,0.0,0.0,BIIB,1
2025-02-19 09:35:00-05:00,136.0,136.75,135.9199981689453,136.75,14571,0.0,0.0,BIIB,1
2025-02-19 09:40:00-05:00,136.8800048828125,137.47999572753906,136.65499877929688,137.3800048828125,11470,0.0,0.0,BIIB,1
2025-02-19 09:45:00-05:00,137.4600067138672,137.77999877929688,137.1300048828125,137.52000427246094,25588,0.0,0.0,BIIB,0
2025-02-19 09:50:00-05:00,137.4199981689453,137.7100067138672,137.35499572753906,137.51499938964844,11357,0.0,0.0,BIIB,0
2025-02-19 09:55:00-05:00,137.6699981689453,137.6699981689453,137.36000061035156,137.5124969482422,5125,0.0,0.0,BIIB,0
2025-02-19 10:00:00-05:00,137.53750610351562,137.58999633789062,137.25999450683594,137.25999450683594,11943,0.0,0.0,BIIB,1
2025-02-19 10:05:00-05:00,137.26010131835938,137.5800018310547,137.2100067138672,137.4600067138672,14116,0.0,0.0,BIIB,0
2025-02-19 10:10:00-05:00,137.3699951171875,137.44509887695312,137.02000427246094,137.10499572753906,8766,0.0,0.0,BIIB,1
2025-02-19 10:15:00-05:00,137.2050018310547,137.5,137.11000061035156,137.49000549316406,13276,0.0,0.0,BIIB,0
2025-02-19 10:20:00-05:00,137.41250610351562,137.4199981689453,137.24000549316406,137.3800048828125,8173,0.0,0.0,BIIB,0
2025-02-19 10:25:00-05:00,137.27999877929688,137.27999877929688,136.6999969482422,136.8300018310547,7849,0.0,0.0,BIIB,1
2025-02-19 10:30:00-05:00,136.92999267578125,137.07000732421875,136.85000610351562,137.02999877929688,11406,0.0,0.0,BIIB,0
2025-02-19 10:35:00-05:00,137.0399932861328,137.10000610351562,136.50999450683594,136.61000061035156,32451,0.0,0.0,BIIB,0
2025-02-19 10:40:00-05:00,136.67999267578125,136.73500061035156,136.47999572753906,136.60000610351562,4922,0.0,0.0,BIIB,0
2025-02-19 10:45:00-05:00,136.67999267578125,136.67999267578125,136.5,136.55999755859375,7162,0.0,0.0,BIIB,0
2025-02-19 10:50:00-05:00,136.4499969482422,136.47000122070312,136.05999755859375,136.40499877929688,31247,0.0,0.0,BIIB,0
2025-02-19 10:55:00-05:00,136.38499450683594,136.47000122070312,136.25,136.25,14140,0.0,0.0,BIIB,0
2025-02-19 11:00:00-05:00,136.22000122070312,136.3282928466797,136.08999633789062,136.08999633789062,3696,0.0,0.0,BIIB,1
2025-02-19 11:05:00-05:00,136.07000732421875,136.3000030517578,136.07000732421875,136.2550048828125,7562,0.0,0.0,BIIB,0
2025-02-19 11:10:00-05:00,136.2550048828125,136.2550048828125,136.05999755859375,136.08999633789062,8765,0.0,0.0,BIIB,1
2025-02-19 11:15:00-05:00,136.1199951171875,136.16000366210938,136.02999877929688,136.13999938964844,5021,0.0,0.0,BIIB,0
2025-02-19 11:20:00-05:00,136.0399932861328,136.11000061035156,135.9499969482422,136.10000610351562,7803,0.0,0.0,BIIB,0
2025-02-19 11:25:00-05:00,136.08999633789062,136.1199951171875,135.97999572753906,135.97999572753906,5609,0.0,0.0,BIIB,0
2025-02-19 11:30:00-05:00,135.9499969482422,136.02499389648438,135.80999755859375,135.80999755859375,7490,0.0,0.0,BIIB,0
2025-02-19 11:35:00-05:00,135.9199981689453,135.97999572753906,135.7100067138672,135.7100067138672,19166,0.0,0.0,BIIB,0
2025-02-19 11:40:00-05:00,135.82000732421875,135.82000732421875,135.61000061035156,135.66000366210938,8542,0.0,0.0,BIIB,0
2025-02-19 11:45:00-05:00,135.66000366210938,135.6999969482422,135.33999633789062,135.33999633789062,8349,0.0,0.0,BIIB,1
2025-02-19 11:50:00-05:00,135.32000732421875,135.47000122070312,135.30999755859375,135.3800048828125,8608,0.0,0.0,BIIB,0
2025-02-19 11:55:00-05:00,135.3800048828125,135.3800048828125,135.1999969482422,135.1999969482422,18186,0.0,0.0,BIIB,1
2025-02-19 12:00:00-05:00,135.1999969482422,135.41749572753906,135.1699981689453,135.36000061035156,11849,0.0,0.0,BIIB,1
2025-02-19 12:05:00-05:00,135.3800048828125,135.61000061035156,135.36000061035156,135.52000427246094,12044,0.0,0.0,BIIB,0
2025-02-19 12:10:00-05:00,135.531494140625,135.67999267578125,135.32000732421875,135.32000732421875,8132,0.0,0.0,BIIB,0
2025-02-19 12:15:00-05:00,135.27000427246094,135.44000244140625,135.10000610351562,135.13999938964844,10435,0.0,0.0,BIIB,0
2025-02-19 12:20:00-05:00,135.14999389648438,135.2899932861328,135.0500030517578,135.0500030517578,13072,0.0,0.0,BIIB,1
2025-02-19 12:25:00-05:00,135.10499572753906,135.1300048828125,135.02000427246094,135.08999633789062,12921,0.0,0.0,BIIB,1
2025-02-19 12:30:00-05:00,135.1300048828125,135.32000732421875,135.05999755859375,135.22999572753906,11758,0.0,0.0,BIIB,1
2025-02-19 12:35:00-05:00,135.30499267578125,135.3441925048828,135.25999450683594,135.31500244140625,8466,0.0,0.0,BIIB,1
2025-02-19 12:40:00-05:00,135.27000427246094,135.41000366210938,135.22000122070312,135.3699951171875,11614,0.0,0.0,BIIB,1
2025-02-19 12:45:00-05:00,135.41000366210938,135.55499267578125,135.3101043701172,135.55499267578125,16737,0.0,0.0,BIIB,0
2025-02-19 12:50:00-05:00,135.55499267578125,135.60000610351562,135.4199981689453,135.4499969482422,7679,0.0,0.0,BIIB,1
2025-02-19 12:55:00-05:00,135.50999450683594,135.5399932861328,135.19000244140625,135.5399932861328,17132,0.0,0.0,BIIB,1
2025-02-19 13:00:00-05:00,135.46499633789062,135.66000366210938,135.46499633789062,135.6024932861328,9915,0.0,0.0,BIIB,0
2025-02-19 13:05:00-05:00,135.55999755859375,135.67999267578125,135.52999877929688,135.55999755859375,10186,0.0,0.0,BIIB,0
2025-02-19 13:10:00-05:00,135.58999633789062,135.58999633789062,135.4499969482422,135.5240020751953,12358,0.0,0.0,BIIB,1
2025-02-19 13:15:00-05:00,135.52499389648438,135.66000366210938,135.4499969482422,135.64500427246094,12522,0.0,0.0,BIIB,0
2025-02-19 13:20:00-05:00,135.64500427246094,135.73049926757812,135.52499389648438,135.63999938964844,9822,0.0,0.0,BIIB,1
2025-02-19 13:25:00-05:00,135.64999389648438,135.77999877929688,135.63999938964844,135.77999877929688,7784,0.0,0.0,BIIB,1
2025-02-19 13:30:00-05:00,135.84979248046875,135.84979248046875,135.72999572753906,135.8300018310547,10681,0.0,0.0,BIIB,0
2025-02-19 13:35:00-05:00,135.8350067138672,135.8699951171875,135.82000732421875,135.82000732421875,5090,0.0,0.0,BIIB,0
2025-02-19 13:40:00-05:00,135.86500549316406,135.88999938964844,135.6999969482422,135.6999969482422,18861,0.0,0.0,BIIB,0
2025-02-19 13:45:00-05:00,135.64999389648438,135.86000061035156,135.60000610351562,135.67999267578125,25947,0.0,0.0,BIIB,0
2025-02-19 13:50:00-05:00,135.63999938964844,135.69090270996094,135.60000610351562,135.63999938964844,5236,0.0,0.0,BIIB,1
2025-02-19 13:55:00-05:00,135.63999938964844,135.7899932861328,135.44000244140625,135.7899932861328,11629,0.0,0.0,BIIB,0
2025-02-19 14:00:00-05:00,135.86000061035156,135.92999267578125,135.77999877929688,135.77999877929688,6656,0.0,0.0,BIIB,0
2025-02-19 14:05:00-05:00,135.7899932861328,135.8300018310547,135.63999938964844,135.6999969482422,11361,0.0,0.0,BIIB,1
2025-02-19 14:10:00-05:00,135.6999969482422,135.82000732421875,135.6820068359375,135.82000732421875,6690,0.0,0.0,BIIB,1
2025-02-19 14:15:00-05:00,135.82000732421875,136.1999969482422,135.82000732421875,136.18780517578125,49455,0.0,0.0,BIIB,0
2025-02-19 14:20:00-05:00,136.08999633789062,136.1750030517578,136.0800018310547,136.13999938964844,8895,0.0,0.0,BIIB,1
2025-02-19 14:25:00-05:00,136.17860412597656,136.17860412597656,136.17860412597656,136.17860412597656,604,0.0,0.0,BIIB,0
2025-02-19 14:30:00-05:00,136.13999938964844,136.24989318847656,135.9199981689453,135.9600067138672,12095,0.0,0.0,BIIB,0
2025-02-19 14:35:00-05:00,135.8800048828125,136.00999450683594,135.8800048828125,135.9355010986328,23201,0.0,0.0,BIIB,0
2025-02-19 14:40:00-05:00,135.9600067138672,135.9600067138672,135.77999877929688,135.85000610351562,16141,0.0,0.0,BIIB,1
2025-02-19 14:45:00-05:00,135.83999633789062,135.92999267578125,135.8300018310547,135.86000061035156,7724,0.0,0.0,BIIB,1
2025-02-19 14:50:00-05:00,135.83999633789062,135.93569946289062,135.83999633789062,135.93569946289062,6949,0.0,0.0,BIIB,1
2025-02-19 14:55:00-05:00,135.91000366210938,136.0637969970703,135.83999633789062,136.03500366210938,0,0.0,0.0,BIIB,0
2025-02-19 15:00:00-05:00,136.10000610351562,136.10000610351562,135.8300018310547,136.00999450683594,8723,0.0,0.0,BIIB,0
2025-02-19 15:05:00-05:00,136.0050048828125,136.0399932861328,135.85000610351562,135.91000366210938,10287,0.0,0.0,BIIB,1
2025-02-19 15:10:00-05:00,135.9550018310547,136.0399932861328,135.9199981689453,136.02499389648438,6487,0.0,0.0,BIIB,1
2025-02-19 15:15:00-05:00,136.03500366210938,136.22500610351562,136.0,136.1999969482422,17991,0.0,0.0,BIIB,0
2025-02-19 15:20:00-05:00,136.1999969482422,136.3300018310547,136.13999938964844,136.19000244140625,20983,0.0,0.0,BIIB,1
2025-02-19 15:25:00-05:00,136.14999389648438,136.34500122070312,136.14999389648438,136.19500732421875,17839,0.0,0.0,BIIB,1
2025-02-19 15:30:00-05:00,136.22000122070312,136.35000610351562,136.1300048828125,136.3249969482422,33070,0.0,0.0,BIIB,0
2025-02-19 15:35:00-05:00,136.32749938964844,136.39500427246094,136.2949981689453,136.32000732421875,30420,0.0,0.0,BIIB,0
2025-02-19 15:40:00-05:00,136.3105010986328,136.3105010986328,136.1699981689453,136.19000244140625,22481,0.0,0.0,BIIB,1
2025-02-19 15:45:00-05:00,136.2100067138672,136.35499572753906,136.17999267578125,136.3350067138672,33510,0.0,0.0,BIIB,1
2025-02-19 15:50:00-05:00,136.38999938964844,136.65499877929688,136.3350067138672,136.52000427246094,38795,0.0,0.0,BIIB,1
2025-02-19 15:55:00-05:00,136.6999969482422,136.75999450683594,136.42999267578125,136.67999267578125,123297,0.0,0.0,BIIB,1
2025-02-20 09:30:00-05:00,137.19000244140625,138.94000244140625,137.19000244140625,138.47999572753906,37591,0.0,0.0,BIIB,0
2025-02-20 09:35:00-05:00,138.47999572753906,138.47999572753906,137.77499389648438,137.7779998779297,9790,0.0,0.0,BIIB,1
2025-02-20 09:40:00-05:00,137.77999877929688,138.21249389648438,137.57000732421875,138.2050018310547,8149,0.0,0.0,BIIB,1
2025-02-20 09:45:00-05:00,138.2050018310547,138.42999267578125,137.92999267578125,138.24000549316406,10809,0.0,0.0,BIIB,0
2025-02-20 09:50:00-05:00,138.08999633789062,138.36000061035156,137.91000366210938,138.06500244140625,31483,0.0,0.0,BIIB,1
2025-02-20 09:55:00-05:00,138.19000244140625,138.6300048828125,138.1199951171875,138.33999633789062,13378,0.0,0.0,BIIB,1
2025-02-20 10:00:00-05:00,138.22000122070312,138.5800018310547,138.22000122070312,138.47999572753906,22905,0.0,0.0,BIIB,0
2025-02-20 10:05:00-05:00,138.41000366210938,138.41000366210938,138.00999450683594,138.00999450683594,6992,0.0,0.0,BIIB,1
2025-02-20 10:10:00-05:00,138.00999450683594,138.2899932861328,138.00999450683594,138.22000122070312,8669,0.0,0.0,BIIB,0
2025-02-20 10:15:00-05:00,138.2050018310547,138.2050018310547,137.9550018310547,138.1199951171875,18673,0.0,0.0,BIIB,1
2025-02-20 10:20:00-05:00,138.17999267578125,138.3800048828125,138.0800018310547,138.22000122070312,7983,0.0,0.0,BIIB,0
2025-02-20 10:25:00-05:00,138.00999450683594,138.13999938964844,137.99000549316406,138.1199951171875,4272,0.0,0.0,BIIB,0
2025-02-20 10:30:00-05:00,138.1199951171875,138.125,137.97000122070312,137.97470092773438,5004,0.0,0.0,BIIB,0
2025-02-20 10:35:00-05:00,137.98500061035156,138.02000427246094,137.50999450683594,137.66000366210938,20684,0.0,0.0,BIIB,1
2025-02-20 10:40:00-05:00,137.5399932861328,137.8800048828125,137.52999877929688,137.8800048828125,9381,0.0,0.0,BIIB,1
2025-02-20 10:45:00-05:00,137.82000732421875,138.0,137.77499389648438,137.9600067138672,21020,0.0,0.0,BIIB,1
2025-02-20 10:50:00-05:00,137.97000122070312,138.33999633789062,137.94000244140625,138.2100067138672,56675,0.0,0.0,BIIB,1
2025-02-20 10:55:00-05:00,138.25,138.39999389648438,138.2050018310547,138.33999633789062,11302,0.0,0.0,BIIB,1
2025-02-20 11:00:00-05:00,138.39999389648438,138.8699951171875,138.39999389648438,138.75999450683594,16512,0.0,0.0,BIIB,0
2025-02-20 11:05:00-05:00,138.75999450683594,138.85000610351562,138.625,138.63999938964844,14895,0.0,0.0,BIIB,0
2025-02-20 11:10:00-05:00,138.6999969482422,138.85000610351562,138.5399932861328,138.5399932861328,6744,0.0,0.0,BIIB,0
2025-02-20 11:15:00-05:00,138.60000610351562,138.61000061035156,138.47000122070312,138.48500061035156,6311,0.0,0.0,BIIB,1
2025-02-20 11:20:00-05:00,138.48500061035156,138.57000732421875,138.48500061035156,138.5500030517578,19881,0.0,0.0,BIIB,0
2025-02-20 11:25:00-05:00,138.50999450683594,138.60000610351562,138.3699951171875,138.4600067138672,26595,0.0,0.0,BIIB,0
2025-02-20 11:30:00-05:00,138.50999450683594,138.50999450683594,138.11000061035156,138.11000061035156,6995,0.0,0.0,BIIB,0
2025-02-20 11:35:00-05:00,138.05499267578125,138.11000061035156,137.97999572753906,138.00999450683594,8086,0.0,0.0,BIIB,0
2025-02-20 11:40:00-05:00,138.07000732421875,138.1199951171875,137.8699951171875,137.90499877929688,8374,0.0,0.0,BIIB,0
2025-02-20 11:45:00-05:00,137.97000122070312,138.00320434570312,137.77999877929688,137.83999633789062,8788,0.0,0.0,BIIB,0
2025-02-20 11:50:00-05:00,137.83999633789062,137.83999633789062,137.72000122070312,137.81500244140625,9134,0.0,0.0,BIIB,0
2025-02-20 11:55:00-05:00,137.75,137.86000061035156,137.52999877929688,137.52999877929688,12199,0.0,0.0,BIIB,0
2025-02-20 12:00:00-05:00,137.52999877929688,137.52999877929688,137.3000030517578,137.4600067138672,8944,0.0,0.0,BIIB,0
2025-02-20 12:05:00-05:00,137.46499633789062,137.5500030517578,137.4315948486328,137.4550018310547,3804,0.0,0.0,BIIB,1
2025-02-20 12:10:00-05:00,137.5399932861328,137.63999938964844,137.49000549316406,137.49000549316406,9556,0.0,0.0,BIIB,1
2025-02-20 12:15:00-05:00,137.5449981689453,137.60690307617188,137.47999572753906,137.5,14207,0.0,0.0,BIIB,0
2025-02-20 12:20:00-05:00,137.57000732421875,137.57000732421875,137.39999389648438,137.4199981689453,6058,0.0,0.0,BIIB,1
2025-02-20 12:25:00-05:00,137.3699951171875,137.44000244140625,137.33999633789062,137.44000244140625,4429,0.0,0.0,BIIB,0
2025-02-20 12:30:00-05:00,137.41000366210938,137.5,137.3699951171875,137.42750549316406,10718,0.0,0.0,BIIB,0
2025-02-20 12:35:00-05:00,137.48500061035156,137.48500061035156,137.39999389648438,137.39999389648438,4495,0.0,0.0,BIIB,0
2025-02-20 12:40:00-05:00,137.40499877929688,137.4149932861328,137.2899932861328,137.2899932861328,6827,0.0,0.0,BIIB,0
2025-02-20 12:45:00-05:00,137.25999450683594,137.3000030517578,137.16000366210938,137.27000427246094,10606,0.0,0.0,BIIB,0
2025-02-20 12:50:00-05:00,137.27000427246094,137.27999877929688,137.1999969482422,137.25,5491,0.0,0.0,BIIB,1
2025-02-20 12:55:00-05:00,137.1999969482422,137.4600067138672,137.1999969482422,137.4600067138672,11869,0.0,0.0,BIIB,0
2025-02-20 13:00:00-05:00,137.4600067138672,137.4600067138672,137.3000030517578,137.3000030517578,9350,0.0,0.0,BIIB,1
2025-02-20 13:05:00-05:00,137.30999755859375,137.5,137.2899932861328,137.4550018310547,23350,0.0,0.0,BIIB,1
2025-02-20 13:10:00-05:00,137.5,137.86810302734375,137.47999572753906,137.5399932861328,49638,0.0,0.0,BIIB,0
2025-02-20 13:15:00-05:00,137.60000610351562,137.60000610351562,137.4199981689453,137.4199981689453,6149,0.0,0.0,BIIB,0
2025-02-20 13:20:00-05:00,137.55909729003906,137.55909729003906,137.3300018310547,137.3300018310547,12885,0.0,0.0,BIIB,0
2025-02-20 13:25:00-05:00,137.3300018310547,137.3800048828125,137.17999267578125,137.21499633789062,17603,0.0,0.0,BIIB,1
2025-02-20 13:30:00-05:00,137.17999267578125,137.46749877929688,137.1300048828125,137.4600067138672,16149,0.0,0.0,BIIB,0
2025-02-20 13:35:00-05:00,137.47000122070312,137.47000122070312,137.27000427246094,137.3249969482422,12582,0.0,0.0,BIIB,1
2025-02-20 13:40:00-05:00,137.30499267578125,137.52000427246094,137.27000427246094,137.4600067138672,26507,0.0,0.0,BIIB,0
2025-02-20 13:45:00-05:00,137.4199981689453,137.44000244140625,137.1999969482422,137.2899932861328,12220,0.0,0.0,BIIB,0
2025-02-20 13:50:00-05:00,137.38999938964844,137.41000366210938,137.1300048828125,137.1300048828125,11549,0.0,0.0,BIIB,1
2025-02-20 13:55:00-05:00,137.08999633789062,137.5,137.08999633789062,137.33999633789062,18635,0.0,0.0,BIIB,1
2025-02-20 14:00:00-05:00,137.38499450683594,137.41000366210938,137.35189819335938,137.41000366210938,9285,0.0,0.0,BIIB,0
2025-02-20 14:05:00-05:00,137.41000366210938,137.44000244140625,137.3300018310547,137.39999389648438,19588,0.0,0.0,BIIB,1
2025-02-20 14:10:00-05:00,137.41189575195312,137.91000366210938,137.3699951171875,137.86000061035156,39226,0.0,0.0,BIIB,0
2025-02-20 14:15:00-05:00,137.8820037841797,137.89999389648438,137.75999450683594,137.75999450683594,25845,0.0,0.0,BIIB,0
2025-02-20 14:20:00-05:00,137.77000427246094,137.8350067138672,137.66000366210938,137.6999969482422,11870,0.0,0.0,BIIB,0
2025-02-20 14:25:00-05:00,137.64999389648438,137.64999389648438,137.42999267578125,137.42999267578125,8358,0.0,0.0,BIIB,0
2025-02-20 14:30:00-05:00,137.48500061035156,137.49749755859375,137.35000610351562,137.40499877929688,8084,0.0,0.0,BIIB,0
2025-02-20 14:35:00-05:00,137.4600067138672,137.4600067138672,137.24000549316406,137.25,16710,0.0,0.0,BIIB,0
2025-02-20 14:40:00-05:00,137.25,137.2550048828125,137.1300048828125,137.16000366210938,15243,0.0,0.0,BIIB,1
2025-02-20 14:45:00-05:00,137.2100067138672,137.35000610351562,137.1199951171875,137.2899932861328,27223,0.0,0.0,BIIB,0
2025-02-20 14:50:00-05:00,137.3249969482422,137.33999633789062,137.1649932861328,137.2100067138672,39882,0.0,0.0,BIIB,0
2025-02-20 14:55:00-05:00,137.23199462890625,137.2698974609375,136.97000122070312,137.0500030517578,29127,0.0,0.0,BIIB,1
2025-02-20 15:00:00-05:00,137.03750610351562,137.1999969482422,136.97000122070312,137.1999969482422,24654,0.0,0.0,BIIB,0
2025-02-20 15:05:00-05:00,137.23500061035156,137.23500061035156,137.08999633789062,137.1300048828125,15223,0.0,0.0,BIIB,0
2025-02-20 15:10:00-05:00,137.11000061035156,137.1999969482422,136.86000061035156,136.94000244140625,27878,0.0,0.0,BIIB,0
2025-02-20 15:15:00-05:00,136.89500427246094,137.00999450683594,136.7899932861328,136.91000366210938,28501,0.0,0.0,BIIB,1
2025-02-20 15:20:00-05:00,136.91000366210938,137.02999877929688,136.52000427246094,136.92999267578125,52036,0.0,0.0,BIIB,0
2025-02-20 15:25:00-05:00,136.8300018310547,136.9250030517578,136.6999969482422,136.78750610351562,26039,0.0,0.0,BIIB,0
2025-02-20 15:30:00-05:00,136.72999572753906,136.7899932861328,136.63999938964844,136.72999572753906,28665,0.0,0.0,BIIB,1
2025-02-20 15:35:00-05:00,136.72999572753906,136.8000030517578,136.61000061035156,136.77499389648438,34543,0.0,0.0,BIIB,1
2025-02-20 15:40:00-05:00,136.8000030517578,136.95120239257812,136.7100067138672,136.95120239257812,34901,0.0,0.0,BIIB,1
2025-02-20 15:45:00-05:00,136.98899841308594,137.28900146484375,136.8300018310547,137.28900146484375,58427,0.0,0.0,BIIB,0
2025-02-20 15:50:00-05:00,137.2899932861328,137.42999267578125,136.72999572753906,136.7949981689453,102514,0.0,0.0,BIIB,1
2025-02-20 15:55:00-05:00,136.7899932861328,137.1699981689453,136.75999450683594,137.07000732421875,220530,0.0,0.0,BIIB,1
2025-02-21 09:30:00-05:00,138.0,139.25990295410156,137.55999755859375,139.1300048828125,64600,0.0,0.0,BIIB,1
2025-02-21 09:35:00-05:00,139.1699981689453,140.49000549316406,138.97500610351562,139.24000549316406,40337,0.0,0.0,BIIB,1
2025-02-21 09:40:00-05:00,139.44720458984375,140.0,139.2449951171875,139.50799560546875,9718,0.0,0.0,BIIB,1
2025-02-21 09:45:00-05:00,139.5030059814453,139.99000549316406,139.25,139.5399932861328,31167,0.0,0.0,BIIB,1
2025-02-21 09:50:00-05:00,139.47999572753906,140.0500030517578,139.24000549316406,139.86500549316406,17634,0.0,0.0,BIIB,1
2025-02-21 09:55:00-05:00,139.86329650878906,140.47999572753906,139.84500122070312,139.94000244140625,26641,0.0,0.0,BIIB,0
2025-02-21 10:00:00-05:00,139.84500122070312,139.86000061035156,139.4199981689453,139.74000549316406,18672,0.0,0.0,BIIB,1
2025-02-21 10:05:00-05:00,139.9499969482422,140.0,139.66000366210938,139.77000427246094,13000,0.0,0.0,BIIB,0
2025-02-21 10:10:00-05:00,139.77659606933594,139.97000122070312,139.47000122070312,139.53500366210938,11867,0.0,0.0,BIIB,0
2025-02-21 10:15:00-05:00,139.38999938964844,139.63999938964844,139.2899932861328,139.5,10461,0.0,0.0,BIIB,0
2025-02-21 10:20:00-05:00,139.44500732421875,139.44500732421875,139.1199951171875,139.1199951171875,15729,0.0,0.0,BIIB,0
2025-02-21 10:25:00-05:00,139.1199951171875,139.1199951171875,138.86000061035156,138.86000061035156,7344,0.0,0.0,BIIB,1
2025-02-21 10:30:00-05:00,138.75489807128906,139.0699005126953,138.75489807128906,138.96499633789062,9453,0.0,0.0,BIIB,0
2025-02-21 10:35:00-05:00,138.96499633789062,139.02000427246094,138.63949584960938,138.63949584960938,7255,0.0,0.0,BIIB,1
2025-02-21 10:40:00-05:00,138.6199951171875,139.00999450683594,138.59500122070312,139.0050048828125,24454,0.0,0.0,BIIB,1
2025-02-21 10:45:00-05:00,139.0,139.08399963378906,138.85000610351562,139.0500030517578,16132,0.0,0.0,BIIB,0
2025-02-21 10:50:00-05:00,139.0500030517578,139.0800018310547,138.83999633789062,138.88999938964844,18551,0.0,0.0,BIIB,1
2025-02-21 10:55:00-05:00,138.83999633789062,139.0449981689453,138.83999633789062,138.9949951171875,6836,0.0,0.0,BIIB,0
2025-02-21 11:00:00-05:00,139.0,139.0800018310547,138.91000366210938,138.9720001220703,17238,0.0,0.0,BIIB,1
2025-02-21 11:05:00-05:00,139.0500030517578,139.24000549316406,138.97999572753906,139.0,23832,0.0,0.0,BIIB,1
2025-02-21 11:10:00-05:00,139.10000610351562,139.10000610351562,138.92999267578125,139.00999450683594,12475,0.0,0.0,BIIB,1
2025-02-21 11:15:00-05:00,139.0,139.57989501953125,138.99000549316406,139.21409606933594,26565,0.0,0.0,BIIB,0
2025-02-21 11:20:00-05:00,139.1999969482422,139.25360107421875,139.1199951171875,139.15499877929688,5609,0.0,0.0,BIIB,0
2025-02-21 11:25:00-05:00,139.22999572753906,139.25,139.10000610351562,139.13499450683594,9532,0.0,0.0,BIIB,0
2025-02-21 11:30:00-05:00,139.02000427246094,139.2100067138672,138.8800048828125,138.9824981689453,34542,0.0,0.0,BIIB,1
2025-02-21 11:35:00-05:00,138.86000061035156,139.8000030517578,138.8300018310547,139.7274932861328,18736,0.0,0.0,BIIB,1
2025-02-21 11:40:00-05:00,139.72500610351562,139.79620361328125,139.72000122070312,139.77999877929688,3287,0.0,0.0,BIIB,1
2025-02-21 11:45:00-05:00,139.7100067138672,140.15989685058594,139.49000549316406,140.0283966064453,12704,0.0,0.0,BIIB,1
2025-02-21 11:50:00-05:00,139.97999572753906,140.25,139.89999389648438,140.09500122070312,27274,0.0,0.0,BIIB,0
2025-02-21 11:55:00-05:00,140.0500030517578,140.10000610351562,139.6800994873047,139.77999877929688,8427,0.0,0.0,BIIB,0
2025-02-21 12:00:00-05:00,139.75999450683594,139.79989624023438,139.52999877929688,139.6750030517578,9844,0.0,0.0,BIIB,1
2025-02-21 12:05:00-05:00,139.7657928466797,139.7899932861328,139.55999755859375,139.77999877929688,8027,0.0,0.0,BIIB,1
2025-02-21 12:10:00-05:00,139.8000030517578,140.07000732421875,139.8000030517578,140.05999755859375,5856,0.0,0.0,BIIB,1
2025-02-21 12:15:00-05:00,140.0800018310547,140.44070434570312,140.0749969482422,140.44070434570312,10808,0.0,0.0,BIIB,0
2025-02-21 12:20:00-05:00,140.4199981689453,140.4499969482422,140.19000244140625,140.1999969482422,7571,0.0,0.0,BIIB,0
2025-02-21 12:25:00-05:00,140.25,140.25,140.1199951171875,140.1199951171875,7928,0.0,0.0,BIIB,1
2025-02-21 12:30:00-05:00,140.1199951171875,140.3699951171875,140.1199951171875,140.1300048828125,9342,0.0,0.0,BIIB,1
2025-02-21 12:35:00-05:00,140.1719970703125,140.30560302734375,140.0500030517578,140.2301025390625,9069,0.0,0.0,BIIB,1
2025-02-21 12:40:00-05:00,140.3699951171875,140.4600067138672,140.2100067138672,140.27000427246094,12033,0.0,0.0,BIIB,0
2025-02-21 12:45:00-05:00,140.2100067138672,140.27000427246094,140.0800018310547,140.1300048828125,13390,0.0,0.0,BIIB,1
2025-02-21 12:50:00-05:00,140.17999267578125,140.27999877929688,140.0800018310547,140.27999877929688,3978,0.0,0.0,BIIB,0
2025-02-21 12:55:00-05:00,140.16180419921875,140.42999267578125,140.05999755859375,140.27000427246094,32751,0.0,0.0,BIIB,0
2025-02-21 13:00:00-05:00,140.1649932861328,140.23599243164062,140.0500946044922,140.1300048828125,21822,0.0,0.0,BIIB,0
2025-02-21 13:05:00-05:00,140.13499450683594,140.18130493164062,140.02999877929688,140.05459594726562,11222,0.0,0.0,BIIB,1
2025-02-21 13:10:00-05:00,140.0850067138672,140.3800048828125,140.0,140.30999755859375,18205,0.0,0.0,BIIB,1
2025-02-21 13:15:00-05:00,140.30999755859375,140.35000610351562,140.1199951171875,140.32000732421875,22968,0.0,0.0,BIIB,0
2025-02-21 13:20:00-05:00,140.32000732421875,140.3800048828125,139.97000122070312,140.02999877929688,16107,0.0,0.0,BIIB,0
2025-02-21 13:25:00-05:00,140.01499938964844,140.01499938964844,139.77999877929688,139.82000732421875,12923,0.0,0.0,BIIB,0
2025-02-21 13:30:00-05:00,139.8350067138672,139.8350067138672,139.6999969482422,139.77000427246094,23906,0.0,0.0,BIIB,0
2025-02-21 13:35:00-05:00,139.77000427246094,139.85000610351562,139.57000732421875,139.61000061035156,19575,0.0,0.0,BIIB,0
2025-02-21 13:40:00-05:00,139.6699981689453,139.75,139.57000732421875,139.57000732421875,7080,0.0,0.0,BIIB,0
2025-02-21 13:45:00-05:00,139.5500030517578,139.6674041748047,139.38999938964844,139.43499755859375,23157,0.0,0.0,BIIB,1
2025-02-21 13:50:00-05:00,139.41000366210938,139.60800170898438,139.24000549316406,139.5,25896,0.0,0.0,BIIB,1
2025-02-21 13:55:00-05:00,139.4499969482422,139.64990234375,139.41000366210938,139.5449981689453,7887,0.0,0.0,BIIB,1
2025-02-21 14:00:00-05:00,139.50999450683594,139.72000122070312,139.50999450683594,139.66000366210938,8332,0.0,0.0,BIIB,1
2025-02-21 14:05:00-05:00,139.66000366210938,139.7550048828125,139.6060028076172,139.69000244140625,18891,0.0,0.0,BIIB,1
2025-02-21 14:10:00-05:00,139.72500610351562,140.12249755859375,139.64999389648438,140.09500122070312,30370,0.0,0.0,BIIB,1
2025-02-21 14:15:00-05:00,140.13949584960938,140.63999938964844,140.09500122070312,140.63999938964844,35309,0.0,0.0,BIIB,0
2025-02-21 14:20:00-05:00,140.5749969482422,140.68670654296875,140.4199981689453,140.5850067138672,24161,0.0,0.0,BIIB,1
2025-02-21 14:25:00-05:00,140.61000061035156,140.6999969482422,140.5500030517578,140.60499572753906,23871,0.0,0.0,BIIB,1
2025-02-21 14:30:00-05:00,140.63499450683594,140.69000244140625,140.5,140.6750030517578,18826,0.0,0.0,BIIB,1
2025-02-21 14:35:00-05:00,140.67999267578125,140.85000610351562,140.60499572753906,140.77000427246094,25085,0.0,0.0,BIIB,0
2025-02-21 14:40:00-05:00,140.77000427246094,140.77000427246094,140.4600067138672,140.5850067138672,24411,0.0,0.0,BIIB,0
2025-02-21 14:45:00-05:00,140.6300048828125,140.63499450683594,140.27000427246094,140.2899932861328,15404,0.0,0.0,BIIB,1
2025-02-21 14:50:00-05:00,140.3249969482422,140.4600067138672,140.30999755859375,140.41000366210938,9500,0.0,0.0,BIIB,0
2025-02-21 14:55:00-05:00,140.41000366210938,140.60000610351562,140.38999938964844,140.38999938964844,15072,0.0,0.0,BIIB,0
2025-02-21 15:00:00-05:00,140.4149932861328,140.53500366210938,140.19000244140625,140.3300018310547,7978,0.0,0.0,BIIB,1
2025-02-21 15:05:00-05:00,140.33999633789062,140.44500732421875,140.3000030517578,140.43499755859375,17837,0.0,0.0,BIIB,0
2025-02-21 15:10:00-05:00,140.43499755859375,140.43670654296875,140.1999969482422,140.375,18044,0.0,0.0,BIIB,0
2025-02-21 15:15:00-05:00,140.39999389648438,140.4669952392578,140.1732940673828,140.35000610351562,28671,0.0,0.0,BIIB,1
2025-02-21 15:20:00-05:00,140.30999755859375,140.52749633789062,140.30999755859375,140.4949951171875,23063,0.0,0.0,BIIB,1
2025-02-21 15:25:00-05:00,140.4949951171875,140.74000549316406,140.4949951171875,140.66000366210938,52736,0.0,0.0,BIIB,0
2025-02-21 15:30:00-05:00,140.7281951904297,140.7281951904297,140.55999755859375,140.59750366210938,16756,0.0,0.0,BIIB,1
2025-02-21 15:35:00-05:00,140.63499450683594,140.9499969482422,140.63499450683594,140.9149932861328,21247,0.0,0.0,BIIB,1
2025-02-21 15:40:00-05:00,140.9250030517578,141.16900634765625,140.8300018310547,141.07000732421875,24008,0.0,0.0,BIIB,1
2025-02-21 15:45:00-05:00,141.12989807128906,141.5,141.05999755859375,141.44500732421875,34894,0.0,0.0,BIIB,0
2025-02-21 15:50:00-05:00,141.36000061035156,141.5,140.97999572753906,141.09500122070312,47750,0.0,0.0,BIIB,0
2025-02-21 15:55:00-05:00,140.92999267578125,141.02999877929688,140.5800018310547,140.63999938964844,120598,0.0,0.0,BIIB,0
2025-02-24 09:30:00-05:00,141.3300018310547,141.33999633789062,140.36000061035156,140.42999267578125,29521,0.0,0.0,BIIB,0
2025-02-24 09:35:00-05:00,140.42999267578125,140.42999267578125,139.35000610351562,140.09500122070312,20530,0.0,0.0,BIIB,1
2025-02-24 09:40:00-05:00,140.19000244140625,141.16510009765625,140.1199951171875,141.16510009765625,11459,0.0,0.0,BIIB,0
2025-02-24 09:45:00-05:00,141.01499938964844,141.2100067138672,140.6199951171875,140.86500549316406,7752,0.0,0.0,BIIB,1
2025-02-24 09:50:00-05:00,140.77000427246094,141.6300048828125,140.77000427246094,141.60000610351562,14667,0.0,0.0,BIIB,0
2025-02-24 09:55:00-05:00,141.53660583496094,141.8800048828125,141.30999755859375,141.35000610351562,37421,0.0,0.0,BIIB,1
2025-02-24 10:00:00-05:00,141.24000549316406,142.35000610351562,141.1999969482422,142.11000061035156,21419,0.0,0.0,BIIB,1
2025-02-24 10:05:00-05:00,142.27499389648438,143.47000122070312,142.1199951171875,142.9499969482422,35375,0.0,0.0,BIIB,0
2025-02-24 10:10:00-05:00,143.0800018310547,143.24989318847656,142.47999572753906,142.57080078125,13173,0.0,0.0,BIIB,0
2025-02-24 10:15:00-05:00,142.3699951171875,142.58999633789062,142.13099670410156,142.48500061035156,14109,0.0,0.0,BIIB,1
2025-02-24 10:20:00-05:00,142.66000366210938,143.0998992919922,142.64999389648438,142.75999450683594,19125,0.0,0.0,BIIB,0
2025-02-24 10:25:00-05:00,142.69000244140625,142.7899932861328,142.52000427246094,142.72000122070312,8823,0.0,0.0,BIIB,1
2025-02-24 10:30:00-05:00,142.8509063720703,143.375,142.82009887695312,143.375,13985,0.0,0.0,BIIB,1
2025-02-24 10:35:00-05:00,143.3800048828125,143.5800018310547,143.27000427246094,143.47999572753906,32787,0.0,0.0,BIIB,1
2025-02-24 10:40:00-05:00,143.46499633789062,144.1699981689453,143.27999877929688,144.07000732421875,25483,0.0,0.0,BIIB,0
2025-02-24 10:45:00-05:00,143.92999267578125,144.11000061035156,143.31500244140625,143.40499877929688,21336,0.0,0.0,BIIB,0
2025-02-24 10:50:00-05:00,143.39999389648438,143.4199981689453,142.9499969482422,143.3000030517578,8378,0.0,0.0,BIIB,0
2025-02-24 10:55:00-05:00,143.3699951171875,143.3699951171875,143.10000610351562,143.1699981689453,6703,0.0,0.0,BIIB,0
2025-02-24 11:00:00-05:00,142.97999572753906,143.22000122070312,142.83999633789062,143.0800018310547,7765,0.0,0.0,BIIB,1
2025-02-24 11:05:00-05:00,143.1999969482422,143.4600067138672,143.0500030517578,143.4600067138672,7231,0.0,0.0,BIIB,1
2025-02-24 11:10:00-05:00,143.39999389648438,143.6999969482422,143.39500427246094,143.67999267578125,10073,0.0,0.0,BIIB,0
2025-02-24 11:15:00-05:00,143.75,144.0800018310547,143.22000122070312,143.33999633789062,25233,0.0,0.0,BIIB,0
2025-02-24 11:20:00-05:00,143.36000061035156,143.3699951171875,142.17999267578125,142.17999267578125,95794,0.0,0.0,BIIB,0
2025-02-24 11:25:00-05:00,141.97000122070312,142.2100067138672,140.88009643554688,141.02000427246094,62739,0.0,0.0,BIIB,1
2025-02-24 11:30:00-05:00,141.02000427246094,141.75,140.94000244140625,141.63999938964844,28336,0.0,0.0,BIIB,0
2025-02-24 11:35:00-05:00,141.61000061035156,141.66000366210938,140.55999755859375,140.75,16342,0.0,0.0,BIIB,1
2025-02-24 11:40:00-05:00,140.7332000732422,141.69000244140625,140.72500610351562,141.52000427246094,11233,0.0,0.0,BIIB,1
2025-02-24 11:45:00-05:00,141.43499755859375,141.80990600585938,141.43499755859375,141.80990600585938,6129,0.0,0.0,BIIB,0
2025-02-24 11:50:00-05:00,141.57000732421875,141.64999389648438,141.44000244140625,141.63999938964844,6304,0.0,0.0,BIIB,0
2025-02-24 11:55:00-05:00,141.64999389648438,141.6699981689453,141.39999389648438,141.4149932861328,7993,0.0,0.0,BIIB,1
2025-02-24 12:00:00-05:00,141.52999877929688,141.6699981689453,141.47000122070312,141.47000122070312,3977,0.0,0.0,BIIB,0
2025-02-24 12:05:00-05:00,141.44000244140625,141.58999633789062,141.43499755859375,141.43499755859375,3500,0.0,0.0,BIIB,0
2025-02-24 12:10:00-05:00,141.47999572753906,141.49000549316406,141.27000427246094,141.3350067138672,16013,0.0,0.0,BIIB,0
2025-02-24 12:15:00-05:00,141.25999450683594,141.25999450683594,140.67999267578125,140.99000549316406,25957,0.0,0.0,BIIB,0
2025-02-24 12:20:00-05:00,140.94000244140625,140.99000549316406,140.77999877929688,140.78500366210938,7441,0.0,0.0,BIIB,1
2025-02-24 12:25:00-05:00,140.7783966064453,140.91000366210938,140.6300048828125,140.8699951171875,7661,0.0,0.0,BIIB,1
2025-02-24 12:30:00-05:00,140.7899932861328,141.02000427246094,140.7899932861328,140.96499633789062,5979,0.0,0.0,BIIB,0
2025-02-24 12:35:00-05:00,140.8699951171875,141.00990295410156,140.8699951171875,140.88999938964844,6740,0.0,0.0,BIIB,0
2025-02-24 12:40:00-05:00,140.9322052001953,140.9322052001953,140.6750030517578,140.68499755859375,13069,0.0,0.0,BIIB,0
2025-02-24 12:45:00-05:00,140.74000549316406,140.74000549316406,140.47000122070312,140.47000122070312,7645,0.0,0.0,BIIB,0
2025-02-24 12:50:00-05:00,140.47999572753906,140.47999572753906,140.26699829101562,140.3300018310547,9570,0.0,0.0,BIIB,1
2025-02-24 12:55:00-05:00,140.35499572753906,140.4199981689453,140.27000427246094,140.35000610351562,11983,0.0,0.0,BIIB,0
2025-02-24 13:00:00-05:00,140.3000030517578,140.41990661621094,140.1199951171875,140.27000427246094,18844,0.0,0.0,BIIB,1
2025-02-24 13:05:00-05:00,140.2949981689453,140.32000732421875,140.0850067138672,140.32000732421875,14173,0.0,0.0,BIIB,1
2025-02-24 13:10:00-05:00,140.35000610351562,140.4600067138672,140.35000610351562,140.4600067138672,8074,0.0,0.0,BIIB,0
2025-02-24 13:15:00-05:00,140.42999267578125,140.42999267578125,140.25,140.30999755859375,9822,0.0,0.0,BIIB,0
2025-02-24 13:20:00-05:00,140.3699951171875,140.47999572753906,140.25,140.25999450683594,6902,0.0,0.0,BIIB,1
2025-02-24 13:25:00-05:00,140.3000030517578,140.6999969482422,140.27999877929688,140.6300048828125,14530,0.0,0.0,BIIB,1
2025-02-24 13:30:00-05:00,140.64500427246094,140.8498992919922,140.57000732421875,140.80999755859375,15839,0.0,0.0,BIIB,1
2025-02-24 13:35:00-05:00,140.83839416503906,141.05999755859375,140.72999572753906,141.0,10907,0.0,0.0,BIIB,0
2025-02-24 13:40:00-05:00,141.0,141.0,140.36000061035156,140.375,9760,0.0,0.0,BIIB,1
2025-02-24 13:45:00-05:00,140.4550018310547,140.63999938964844,140.40499877929688,140.63999938964844,7342,0.0,0.0,BIIB,0
2025-02-24 13:50:00-05:00,140.63499450683594,140.63999938964844,140.47000122070312,140.5800018310547,8420,0.0,0.0,BIIB,0
2025-02-24 13:55:00-05:00,140.6999969482422,140.6999969482422,140.51499938964844,140.51499938964844,9364,0.0,0.0,BIIB,1
2025-02-24 14:00:00-05:00,140.5800018310547,140.5800018310547,140.4600067138672,140.52000427246094,7866,0.0,0.0,BIIB,1
2025-02-24 14:05:00-05:00,140.5240020751953,140.57000732421875,140.5240020751953,140.57000732421875,1162,0.0,0.0,BIIB,0
2025-02-24 14:10:00-05:00,140.47999572753906,140.47999572753906,140.33999633789062,140.33999633789062,7377,0.0,0.0,BIIB,0
2025-02-24 14:15:00-05:00,140.27999877929688,140.3699951171875,140.27999877929688,140.32000732421875,6141,0.0,0.0,BIIB,1
2025-02-24 14:20:00-05:00,140.2899932861328,140.5399932861328,140.2899932861328,140.47000122070312,10681,0.0,0.0,BIIB,1
2025-02-24 14:25:00-05:00,140.47109985351562,140.60000610351562,140.47109985351562,140.50999450683594,4699,0.0,0.0,BIIB,1
2025-02-24 14:30:00-05:00,140.55999755859375,140.58999633789062,140.49000549316406,140.5791015625,5742,0.0,0.0,BIIB,1
2025-02-24 14:35:00-05:00,140.57000732421875,140.66000366210938,140.55999755859375,140.66000366210938,7049,0.0,0.0,BIIB,1
2025-02-24 14:40:00-05:00,140.63499450683594,140.69000244140625,140.55999755859375,140.67999267578125,6498,0.0,0.0,BIIB,1
2025-02-24 14:45:00-05:00,140.58999633789062,140.90499877929688,140.54600524902344,140.90499877929688,16452,0.0,0.0,BIIB,0
2025-02-24 14:50:00-05:00,140.9199981689453,140.9199981689453,140.6699981689453,140.6750030517578,6961,0.0,0.0,BIIB,1
2025-02-24 14:55:00-05:00,140.65249633789062,140.80999755859375,140.5225067138672,140.80999755859375,7696,0.0,0.0,BIIB,1
2025-02-24 15:00:00-05:00,140.8699951171875,141.093505859375,140.8699951171875,141.06500244140625,3537,0.0,0.0,BIIB,1
2025-02-24 15:05:00-05:00,141.1199951171875,141.32000732421875,141.08999633789062,141.32000732421875,5812,0.0,0.0,BIIB,1
2025-02-24 15:10:00-05:00,141.3249969482422,141.33999633789062,140.96009826660156,141.3300018310547,17326,0.0,0.0,BIIB,0
2025-02-24 15:15:00-05:00,141.16000366210938,141.24000549316406,140.9250030517578,141.02000427246094,13931,0.0,0.0,BIIB,0
2025-02-24 15:20:00-05:00,140.92999267578125,141.0050048828125,140.64999389648438,140.64999389648438,23071,0.0,0.0,BIIB,0
2025-02-24 15:25:00-05:00,140.64999389648438,140.8000030517578,140.5449981689453,140.5850067138672,9852,0.0,0.0,BIIB,1
2025-02-24 15:30:00-05:00,140.6199951171875,140.802001953125,140.6199951171875,140.7100067138672,12466,0.0,0.0,BIIB,0
2025-02-24 15:35:00-05:00,140.65960693359375,140.7698974609375,140.61000061035156,140.6199951171875,18670,0.0,0.0,BIIB,0
2025-02-24 15:40:00-05:00,140.57000732421875,140.6999969482422,140.4949951171875,140.6199951171875,16624,0.0,0.0,BIIB,1
2025-02-24 15:45:00-05:00,140.5518035888672,140.99000549316406,140.51499938964844,140.77999877929688,30897,0.0,0.0,BIIB,1
2025-02-24 15:50:00-05:00,140.80999755859375,141.1300048828125,140.78500366210938,141.08999633789062,50544,0.0,0.0,BIIB,1
2025-02-24 15:55:00-05:00,141.25,141.41900634765625,141.1300048828125,141.22000122070312,106334,0.0,0.0,BIIB,0
